{"Format Version":1,"Application Format Version":21.0,"Instrument":{"Category":"Oscilloscope","Instrument Configuration":{"DisplaySettings":{},"Channels":[{"Name":"Channel 0","Alias":"Channel 0","Source":"PXI1Slot5/0","Enabled":true,"Index":0,"Cached Alias":"Channel 0","Vertical Offset":0.0,"Vertical Position":3.1026086956521759,"Vertical Coupling":"DC","Input Impedance":"Plus1MOhm","Bandwidth":"35000000","Selected Probe Attenuation":"1","Probe Attenuation":1.0,"Channel ZIndex":1,"Volts Per Division":"1","Measurements":{"Amplitude":{"Enabled":true,"OtherChannelName":""},"Peak-to-peak":{"Enabled":false,"OtherChannelName":""},"High":{"Enabled":false,"OtherChannelName":""},"Low":{"Enabled":false,"OtherChannelName":""},"Maximum":{"Enabled":false,"OtherChannelName":""},"Minimum":{"Enabled":false,"OtherChannelName":""},"High ref volts":{"Enabled":false,"OtherChannelName":""},"Mid ref volts":{"Enabled":false,"OtherChannelName":""},"Low ref volts":{"Enabled":false,"OtherChannelName":""},"Positive undershoot":{"Enabled":false,"OtherChannelName":""},"Negative undershoot":{"Enabled":false,"OtherChannelName":""},"Positive overshoot":{"Enabled":false,"OtherChannelName":""},"Negative overshoot":{"Enabled":false,"OtherChannelName":""},"RMS":{"Enabled":false,"OtherChannelName":""},"Mean":{"Enabled":false,"OtherChannelName":""},"Median":{"Enabled":false,"OtherChannelName":""},"Cycle RMS":{"Enabled":false,"OtherChannelName":""},"Cycle mean":{"Enabled":false,"OtherChannelName":""},"Crosspoint voltage":{"Enabled":false,"OtherChannelName":"Channel 0"},"Period":{"Enabled":false,"OtherChannelName":""},"Frequency":{"Enabled":true,"OtherChannelName":""},"Positive duty cycle":{"Enabled":false,"OtherChannelName":""},"Negative duty cycle":{"Enabled":false,"OtherChannelName":""},"Positive pulse width":{"Enabled":false,"OtherChannelName":""},"Negative pulse width":{"Enabled":false,"OtherChannelName":""},"Rise time":{"Enabled":false,"OtherChannelName":""},"Fall time":{"Enabled":false,"OtherChannelName":""},"Delta time":{"Enabled":false,"OtherChannelName":"Channel 0"},"Setup time":{"Enabled":false,"OtherChannelName":"Channel 0"},"Hold time":{"Enabled":false,"OtherChannelName":"Channel 0"},"Rise rate":{"Enabled":false,"OtherChannelName":""},"Fall rate":{"Enabled":false,"OtherChannelName":""},"FFT frequency":{"Enabled":false,"OtherChannelName":""},"FFT amplitude":{"Enabled":false,"OtherChannelName":""}},"PlotColor":"#FFF0E442","PlotThickness":"2","PlotVisible":true},{"Name":"Channel 1","Alias":"Channel 1","Source":"PXI1Slot5/1","Enabled":true,"Index":1,"Cached Alias":"Channel 1","Vertical Offset":0.0,"Vertical Position":0.0,"Vertical Coupling":"DC","Input Impedance":"Plus1MOhm","Bandwidth":"35000000","Selected Probe Attenuation":"1","Probe Attenuation":1.0,"Channel ZIndex":0,"Volts Per Division":"1","Measurements":{"Amplitude":{"Enabled":false,"OtherChannelName":""},"Peak-to-peak":{"Enabled":false,"OtherChannelName":""},"High":{"Enabled":false,"OtherChannelName":""},"Low":{"Enabled":false,"OtherChannelName":""},"Maximum":{"Enabled":false,"OtherChannelName":""},"Minimum":{"Enabled":false,"OtherChannelName":""},"High ref volts":{"Enabled":false,"OtherChannelName":""},"Mid ref volts":{"Enabled":false,"OtherChannelName":""},"Low ref volts":{"Enabled":false,"OtherChannelName":""},"Positive undershoot":{"Enabled":false,"OtherChannelName":""},"Negative undershoot":{"Enabled":false,"OtherChannelName":""},"Positive overshoot":{"Enabled":false,"OtherChannelName":""},"Negative overshoot":{"Enabled":false,"OtherChannelName":""},"RMS":{"Enabled":false,"OtherChannelName":""},"Mean":{"Enabled":false,"OtherChannelName":""},"Median":{"Enabled":false,"OtherChannelName":""},"Cycle RMS":{"Enabled":false,"OtherChannelName":""},"Cycle mean":{"Enabled":false,"OtherChannelName":""},"Crosspoint voltage":{"Enabled":false,"OtherChannelName":"Channel 1"},"Period":{"Enabled":false,"OtherChannelName":""},"Frequency":{"Enabled":false,"OtherChannelName":""},"Positive duty cycle":{"Enabled":false,"OtherChannelName":""},"Negative duty cycle":{"Enabled":false,"OtherChannelName":""},"Positive pulse width":{"Enabled":false,"OtherChannelName":""},"Negative pulse width":{"Enabled":false,"OtherChannelName":""},"Rise time":{"Enabled":false,"OtherChannelName":""},"Fall time":{"Enabled":false,"OtherChannelName":""},"Delta time":{"Enabled":false,"OtherChannelName":"Channel 1"},"Setup time":{"Enabled":false,"OtherChannelName":"Channel 1"},"Hold time":{"Enabled":false,"OtherChannelName":"Channel 1"},"Rise rate":{"Enabled":false,"OtherChannelName":""},"Fall rate":{"Enabled":false,"OtherChannelName":""},"FFT frequency":{"Enabled":false,"OtherChannelName":""},"FFT amplitude":{"Enabled":false,"OtherChannelName":""}},"PlotColor":"#FF56B4E9","PlotThickness":"2","PlotVisible":true}],"FFT Channels":[],"Math Channels":[],"DesiredInterpolationMode":"Auto","Measurement Settings":{"High Low Method":"AutoSelect","Gating":"Screen","Values":"Percentage","High Reference Level Percentage":90.0,"Mid Reference Level Percentage":50.0,"Low Reference Level Percentage":10.0,"High Reference Level Volts":0.8,"Mid Reference Level Volts":0.0,"Low Reference Level Volts":-0.8},"Acquisition":{"Sampling Mode":"Realtime","RIS Averages":4,"Acquisition Mode":"Sample"},"Timing":{"Time Per Division":"0.1","Data Display Mode":"Live","Manual Sample Rate":89847.259658580413,"Manual Record Length":100000,"Fetched Acquisition Time":1.113,"Main Graph Center Time":0.0,"Trigger Timing":{"Delay Mode":true,"Trigger Time":-0.29310131014492757},"Manual Timing Settings":{"Use Manual Sample Rate":false,"Use Manual Record Length":false,"Use Manual RBW":false},"External Reference Clock Source":"None"},"Trigger":{"Trigger Mode":"Normal","Trigger Type":"Immediate"},"Selected Channel Name":"Channel 0","Selected FFT Channel Name":"","Cursor Collection":{"Cursors Enabled":false},"TimeDisplay":{"PersistenceMode":"Disabled"},"FrequencyDisplay":{"PersistenceMode":"Disabled"},"Time Display Container":{"Is Content Collapsed":false,"Preferred Proportion":600.0},"Measurements Display Container":{"Is Content Collapsed":false,"Preferred Proportion":150.0},"Frequency Display Container":{"Is Content Collapsed":false,"Preferred Proportion":600.0},"Markers Display Container":{"Is Content Collapsed":false,"Preferred Proportion":150.0},"FrequencyDomainGraphSettings":{"FFT Units":"DbV","FFT Range":120.0,"FFT Reference Level":17.0,"Start":0.0,"Stop":44923.629829290207,"RBW":0.89847259658580414,"Scaling":"Linear"},"Probe Compensation":false,"Marker Collection":{"Active Marker Index":0,"Markers Enabled":false,"Peak Threshold Enabled":true,"Peak Threshold":-80.0,"Peak Excursion Enabled":true,"Peak Excursion":8.0,"Marker 0":{"Marker Type":"Off","Marker Source":"Unassigned","Marker Frequency":"NaN","Marker ZIndex":0},"Marker 1":{"Marker Type":"Off","Marker Source":"Unassigned","Marker Frequency":"NaN","Marker ZIndex":1},"Marker 2":{"Marker Type":"Off","Marker Source":"Unassigned","Marker Frequency":"NaN","Marker ZIndex":2},"Marker 3":{"Marker Type":"Off","Marker Source":"Unassigned","Marker Frequency":"NaN","Marker ZIndex":3},"Marker 4":{"Marker Type":"Off","Marker Source":"Unassigned","Marker Frequency":"NaN","Marker ZIndex":4},"Marker 5":{"Marker Type":"Off","Marker Source":"Unassigned","Marker Frequency":"NaN","Marker ZIndex":5},"Marker 6":{"Marker Type":"Off","Marker Source":"Unassigned","Marker Frequency":"NaN","Marker ZIndex":6},"Marker 7":{"Marker Type":"Off","Marker Source":"Unassigned","Marker Frequency":"NaN","Marker ZIndex":7},"Marker 8":{"Marker Type":"Off","Marker Source":"Unassigned","Marker Frequency":"NaN","Marker ZIndex":8},"Marker 9":{"Marker Type":"Off","Marker Source":"Unassigned","Marker Frequency":"NaN","Marker ZIndex":9},"Marker 10":{"Marker Type":"Off","Marker Source":"Unassigned","Marker Frequency":"NaN","Marker ZIndex":10},"Marker 11":{"Marker Type":"Off","Marker Source":"Unassigned","Marker Frequency":"NaN","Marker ZIndex":11}},"Events Configuration":{"ReadyForStart":"None","StartTrigger":"None","ReadyForReference":"None","ReferenceTrigger":"None","EndOfAcquisition":"None"}},"Driver Configuration":{"TaskAsString":"","TaskStringFormat":""}}}
